Item_ID,Category,Warehouse,Stock_Quantity,Unit_Cost,Total_Stock_Value
30001,Electrical,Riyadh,149,206,30694
30002,CCTV,Riyadh,319,268,85492
30003,Lighting,Muscat,481,146,70226
30004,Switches,Muscat,89,107,9523
30005,Cables,Muscat,389,64,24896
30006,CCTV,Riyadh,191,265,50615
30007,Cables,Riyadh,83,237,19671
30008,Lighting,Dubai,156,34,5304
30009,Lighting,Doha,242,275,66550
30010,Electrical,Muscat,151,196,29596
30011,Lighting,Doha,445,234,104130
30012,Lighting,Muscat,471,44,20724
30013,Lighting,Muscat,159,136,21624
30014,CCTV,Doha,141,99,13959
30015,Switches,Doha,248,194,48112
30016,Switches,Muscat,381,251,95631
30017,Lighting,Riyadh,324,59,19116
30018,Switches,Dubai,171,190,32490
30019,Lighting,Muscat,329,136,44744
30020,Switches,Dubai,259,203,52577
30021,Switches,Riyadh,137,100,13700
30022,Cables,Riyadh,283,90,25470
30023,CCTV,Dubai,491,159,78069
30024,Cables,Muscat,91,212,19292
30025,Cables,Dubai,241,190,45790
30026,Switches,Muscat,40,120,4800
30027,Electrical,Doha,243,89,21627
30028,Electrical,Muscat,93,193,17949
30029,CCTV,Doha,493,208,102544
30030,Lighting,Doha,51,234,11934
30031,Switches,Dubai,211,44,9284
30032,CCTV,Doha,260,108,28080
30033,Cables,Dubai,396,150,59400
30034,Switches,Dubai,94,215,20210
30035,Cables,Riyadh,493,244,120292
30036,CCTV,Dubai,192,168,32256
30037,Electrical,Riyadh,275,90,24750
30038,CCTV,Riyadh,80,148,11840
30039,Switches,Dubai,31,106,3286
30040,Switches,Muscat,416,37,15392
30041,Lighting,Muscat,85,62,5270
30042,Electrical,Dubai,496,95,47120
30043,Switches,Doha,278,60,16680
30044,Electrical,Dubai,177,299,52923
30045,Switches,Doha,388,299,116012
30046,Electrical,Muscat,406,278,112868
30047,CCTV,Doha,362,43,15566
30048,Electrical,Dubai,360,128,46080
30049,Cables,Doha,249,46,11454
30050,CCTV,Riyadh,60,145,8700
30051,Switches,Riyadh,457,189,86373
30052,Switches,Dubai,485,66,32010
30053,Lighting,Dubai,92,200,18400
30054,Cables,Dubai,478,92,43976
30055,Lighting,Muscat,361,141,50901
30056,CCTV,Muscat,99,205,20295
30057,Lighting,Muscat,391,101,39491
30058,CCTV,Riyadh,22,49,1078
30059,Lighting,Doha,166,140,23240
30060,Electrical,Riyadh,208,125,26000
30061,CCTV,Doha,440,149,65560
30062,CCTV,Doha,163,224,36512
30063,Electrical,Dubai,207,72,14904
30064,Electrical,Dubai,233,298,69434
30065,Cables,Muscat,493,208,102544
30066,Electrical,Dubai,127,234,29718
30067,Lighting,Riyadh,160,50,8000
30068,Electrical,Riyadh,253,277,70081
30069,Electrical,Riyadh,84,79,6636
30070,CCTV,Dubai,449,97,43553
30071,CCTV,Dubai,222,42,9324
30072,Electrical,Doha,284,204,57936
30073,Cables,Doha,363,54,19602
30074,CCTV,Dubai,376,20,7520
30075,Lighting,Riyadh,253,124,31372
30076,Lighting,Dubai,187,195,36465
30077,Electrical,Muscat,117,68,7956
30078,Electrical,Muscat,300,187,56100
30079,Cables,Riyadh,186,290,53940
30080,Electrical,Muscat,488,177,86376
30081,Switches,Dubai,183,40,7320
30082,Switches,Dubai,102,124,12648
30083,Electrical,Doha,463,140,64820
30084,Switches,Muscat,109,211,22999
30085,Lighting,Muscat,190,248,47120
30086,Electrical,Muscat,168,200,33600
30087,Lighting,Muscat,105,244,25620
30088,Lighting,Riyadh,241,253,60973
30089,Switches,Riyadh,260,285,74100
30090,Cables,Dubai,349,237,82713
30091,Lighting,Muscat,415,230,95450
30092,Switches,Doha,76,118,8968
30093,Cables,Dubai,401,128,51328
30094,Switches,Dubai,246,272,66912
30095,Switches,Riyadh,28,31,868
30096,Electrical,Dubai,296,137,40552
30097,CCTV,Doha,297,107,31779
30098,Cables,Muscat,216,228,49248
30099,Switches,Dubai,320,149,47680
30100,Lighting,Doha,112,202,22624
30101,Lighting,Riyadh,168,102,17136
30102,CCTV,Riyadh,204,273,55692
30103,Cables,Muscat,60,24,1440
30104,Electrical,Dubai,387,43,16641
30105,Cables,Doha,233,140,32620
30106,Lighting,Riyadh,211,114,24054
30107,Lighting,Doha,101,243,24543
30108,Electrical,Riyadh,164,258,42312
30109,Electrical,Riyadh,185,246,45510
30110,Lighting,Muscat,119,161,19159
30111,Switches,Doha,497,70,34790
30112,Switches,Doha,308,164,50512
30113,Electrical,Doha,232,71,16472
30114,Switches,Riyadh,188,31,5828
30115,Electrical,Muscat,235,114,26790
30116,Cables,Doha,462,148,68376
30117,Cables,Dubai,84,30,2520
30118,Cables,Doha,80,291,23280
30119,Electrical,Riyadh,337,111,37407
30120,Electrical,Muscat,218,28,6104
30121,Switches,Doha,443,142,62906
30122,Switches,Doha,454,283,128482
30123,Switches,Doha,112,138,15456
30124,CCTV,Dubai,50,209,10450
30125,Electrical,Riyadh,444,298,132312
30126,Cables,Dubai,343,75,25725
30127,Cables,Dubai,289,215,62135
30128,CCTV,Riyadh,39,42,1638
30129,CCTV,Riyadh,252,284,71568
30130,Cables,Doha,61,264,16104
30131,Electrical,Riyadh,443,279,123597
30132,Cables,Doha,66,250,16500
30133,Cables,Dubai,199,229,45571
30134,CCTV,Doha,88,181,15928
30135,CCTV,Riyadh,382,189,72198
30136,Switches,Doha,446,246,109716
30137,CCTV,Dubai,205,62,12710
30138,Cables,Riyadh,470,214,100580
30139,Switches,Riyadh,206,31,6386
30140,Cables,Muscat,40,291,11640
30141,Electrical,Doha,341,81,27621
30142,Electrical,Doha,39,36,1404
30143,CCTV,Doha,122,290,35380
30144,Switches,Dubai,147,45,6615
30145,Lighting,Dubai,231,64,14784
30146,Electrical,Riyadh,483,164,79212
30147,Electrical,Riyadh,181,84,15204
30148,Electrical,Dubai,399,87,34713
30149,Electrical,Doha,164,115,18860
30150,CCTV,Doha,285,79,22515
30151,Switches,Dubai,229,276,63204
30152,Electrical,Doha,285,38,10830
30153,CCTV,Dubai,21,52,1092
30154,Switches,Doha,94,110,10340
30155,Switches,Doha,231,257,59367
30156,Lighting,Muscat,58,43,2494
30157,Cables,Riyadh,189,246,46494
30158,Electrical,Doha,19,284,5396
30159,CCTV,Doha,270,25,6750
30160,Switches,Dubai,329,77,25333
30161,Lighting,Muscat,195,119,23205
30162,Cables,Muscat,238,141,33558
30163,Switches,Dubai,401,176,70576
30164,Switches,Dubai,167,220,36740
30165,Electrical,Dubai,282,244,68808
30166,Cables,Doha,332,286,94952
30167,Cables,Dubai,30,170,5100
30168,CCTV,Riyadh,25,276,6900
30169,Lighting,Dubai,489,100,48900
30170,CCTV,Doha,292,119,34748
30171,Lighting,Riyadh,124,124,15376
30172,CCTV,Doha,15,271,4065
30173,Lighting,Riyadh,307,152,46664
30174,Electrical,Riyadh,409,118,48262
30175,Lighting,Riyadh,438,197,86286
30176,CCTV,Doha,268,284,76112
30177,Cables,Riyadh,49,151,7399
30178,Switches,Muscat,285,218,62130
30179,Lighting,Muscat,241,212,51092
30180,Lighting,Doha,16,227,3632
30181,Cables,Muscat,324,76,24624
30182,Electrical,Riyadh,404,281,113524
30183,CCTV,Dubai,102,249,25398
30184,Electrical,Dubai,317,161,51037
30185,Lighting,Riyadh,396,82,32472
30186,Lighting,Muscat,30,137,4110
30187,Electrical,Riyadh,446,264,117744
30188,CCTV,Dubai,489,155,75795
30189,Lighting,Dubai,423,115,48645
30190,Lighting,Doha,496,244,121024
30191,Electrical,Dubai,20,27,540
30192,Switches,Doha,474,33,15642
30193,Cables,Muscat,418,43,17974
30194,Lighting,Riyadh,59,211,12449
30195,CCTV,Doha,482,260,125320
30196,Switches,Riyadh,274,44,12056
30197,Electrical,Doha,54,148,7992
30198,Electrical,Muscat,294,106,31164
30199,CCTV,Muscat,327,252,82404
30200,Switches,Doha,280,75,21000
30201,CCTV,Doha,284,209,59356
30202,Lighting,Muscat,408,47,19176
30203,Switches,Riyadh,432,48,20736
30204,Cables,Muscat,44,298,13112
30205,Cables,Riyadh,497,191,94927
30206,CCTV,Doha,150,57,8550
30207,Cables,Riyadh,153,285,43605
30208,CCTV,Doha,332,46,15272
30209,Lighting,Riyadh,254,155,39370
30210,Lighting,Doha,360,255,91800
30211,CCTV,Dubai,320,264,84480
30212,Lighting,Dubai,202,104,21008
30213,Cables,Muscat,44,32,1408
30214,Lighting,Muscat,281,77,21637
30215,Cables,Doha,394,278,109532
30216,Cables,Riyadh,187,119,22253
30217,Electrical,Doha,279,123,34317
30218,Lighting,Dubai,327,280,91560
30219,Lighting,Dubai,400,297,118800
30220,CCTV,Doha,160,85,13600
30221,CCTV,Dubai,108,108,11664
30222,Switches,Muscat,456,107,48792
30223,Cables,Doha,38,24,912
30224,Electrical,Muscat,159,163,25917
30225,Cables,Muscat,217,136,29512
30226,Lighting,Muscat,358,290,103820
30227,Switches,Dubai,271,224,60704
30228,Cables,Riyadh,219,94,20586
30229,Switches,Riyadh,422,99,41778
30230,Cables,Riyadh,98,37,3626
30231,Lighting,Muscat,246,236,58056
30232,Lighting,Doha,257,121,31097
30233,Cables,Muscat,267,151,40317
30234,Electrical,Muscat,201,77,15477
30235,Lighting,Doha,105,131,13755
30236,CCTV,Riyadh,45,104,4680
30237,Electrical,Riyadh,105,135,14175
30238,Cables,Riyadh,498,181,90138
30239,Electrical,Muscat,413,225,92925
30240,CCTV,Muscat,448,87,38976
30241,Lighting,Dubai,46,267,12282
30242,Lighting,Riyadh,243,76,18468
30243,Lighting,Muscat,111,184,20424
30244,CCTV,Dubai,490,185,90650
30245,Electrical,Muscat,189,23,4347
30246,Cables,Muscat,334,125,41750
30247,Cables,Riyadh,79,127,10033
30248,Electrical,Doha,415,189,78435
30249,Lighting,Muscat,478,286,136708
30250,Cables,Muscat,476,286,136136
30251,Lighting,Muscat,116,73,8468
30252,Switches,Riyadh,280,185,51800
30253,Switches,Muscat,363,273,99099
30254,Cables,Dubai,56,295,16520
30255,Electrical,Riyadh,464,173,80272
30256,Electrical,Dubai,474,147,69678
30257,Electrical,Riyadh,117,95,11115
30258,Lighting,Muscat,373,240,89520
30259,Switches,Muscat,78,289,22542
30260,Lighting,Dubai,317,142,45014
30261,CCTV,Dubai,432,44,19008
30262,CCTV,Riyadh,11,125,1375
30263,Cables,Riyadh,228,125,28500
30264,CCTV,Doha,54,122,6588
30265,Electrical,Doha,417,285,118845
30266,Cables,Doha,242,33,7986
30267,Switches,Muscat,198,152,30096
30268,Switches,Dubai,376,41,15416
30269,CCTV,Dubai,357,94,33558
30270,CCTV,Doha,131,263,34453
30271,Switches,Doha,74,275,20350
30272,CCTV,Riyadh,446,165,73590
30273,CCTV,Doha,381,231,88011
30274,Lighting,Dubai,158,268,42344
30275,Switches,Riyadh,258,54,13932
30276,Switches,Doha,392,272,106624
30277,CCTV,Muscat,485,279,135315
30278,Electrical,Doha,76,200,15200
30279,Lighting,Muscat,359,229,82211
30280,Electrical,Doha,394,129,50826
30281,CCTV,Riyadh,68,161,10948
30282,Switches,Muscat,124,183,22692
30283,Electrical,Muscat,125,106,13250
30284,Cables,Riyadh,246,159,39114
30285,Electrical,Muscat,56,181,10136
30286,Switches,Riyadh,118,45,5310
30287,CCTV,Doha,283,153,43299
30288,Electrical,Riyadh,122,134,16348
30289,CCTV,Riyadh,42,200,8400
30290,Lighting,Riyadh,408,166,67728
30291,Cables,Riyadh,289,234,67626
30292,Switches,Dubai,301,96,28896
30293,Switches,Muscat,325,114,37050
30294,CCTV,Doha,171,237,40527
30295,Cables,Riyadh,99,71,7029
30296,Switches,Dubai,60,293,17580
30297,Electrical,Dubai,433,194,84002
30298,Switches,Doha,415,52,21580
30299,Electrical,Muscat,153,151,23103
30300,Switches,Doha,113,294,33222
30301,Electrical,Riyadh,179,26,4654
30302,Lighting,Muscat,25,246,6150
30303,CCTV,Muscat,142,274,38908
30304,Lighting,Doha,399,255,101745
30305,Electrical,Doha,179,203,36337
30306,CCTV,Muscat,481,218,104858
30307,Cables,Doha,39,222,8658
30308,Electrical,Muscat,494,155,76570
30309,Switches,Doha,169,165,27885
30310,Switches,Muscat,446,226,100796
30311,Cables,Riyadh,156,74,11544
30312,Lighting,Dubai,316,269,85004
30313,Electrical,Doha,246,294,72324
30314,Switches,Muscat,421,224,94304
30315,CCTV,Dubai,184,211,38824
30316,Cables,Dubai,81,21,1701
30317,Lighting,Dubai,393,204,80172
30318,Lighting,Doha,372,181,67332
30319,CCTV,Doha,136,68,9248
30320,CCTV,Riyadh,394,109,42946
30321,Cables,Doha,205,270,55350
30322,CCTV,Doha,194,41,7954
30323,Switches,Doha,159,231,36729
30324,Lighting,Dubai,223,253,56419
30325,CCTV,Riyadh,103,191,19673
30326,Electrical,Dubai,67,110,7370
30327,CCTV,Riyadh,228,182,41496
30328,Lighting,Doha,228,25,5700
30329,Switches,Muscat,22,263,5786
30330,CCTV,Doha,432,178,76896
30331,Switches,Dubai,292,142,41464
30332,Electrical,Dubai,432,207,89424
30333,Lighting,Dubai,495,33,16335
30334,Cables,Riyadh,386,89,34354
30335,Lighting,Dubai,465,158,73470
30336,Cables,Muscat,149,98,14602
30337,Cables,Muscat,417,99,41283
30338,Lighting,Doha,283,165,46695
30339,Cables,Riyadh,128,244,31232
30340,Switches,Riyadh,280,246,68880
30341,Electrical,Doha,453,199,90147
30342,CCTV,Dubai,409,43,17587
30343,Cables,Dubai,106,118,12508
30344,Cables,Doha,339,289,97971
30345,Lighting,Doha,56,113,6328
30346,Switches,Doha,161,299,48139
30347,CCTV,Doha,182,288,52416
30348,Cables,Riyadh,284,166,47144
30349,Switches,Riyadh,356,41,14596
30350,CCTV,Dubai,246,21,5166
30351,Lighting,Riyadh,434,122,52948
30352,Cables,Riyadh,40,55,2200
30353,Lighting,Riyadh,222,293,65046
30354,Lighting,Doha,281,70,19670
30355,Cables,Riyadh,416,162,67392
30356,Switches,Dubai,87,36,3132
30357,Switches,Riyadh,288,96,27648
30358,Lighting,Doha,50,297,14850
30359,Lighting,Riyadh,155,142,22010
30360,Electrical,Muscat,429,193,82797
30361,CCTV,Dubai,21,151,3171
30362,Lighting,Riyadh,257,282,72474
30363,Lighting,Dubai,238,290,69020
30364,CCTV,Doha,340,227,77180
30365,Cables,Dubai,462,245,113190
30366,Switches,Muscat,188,208,39104
30367,Cables,Muscat,350,163,57050
30368,CCTV,Dubai,169,270,45630
30369,CCTV,Doha,230,264,60720
30370,Electrical,Dubai,336,37,12432
30371,Electrical,Riyadh,173,222,38406
30372,Switches,Riyadh,177,223,39471
30373,Lighting,Dubai,391,21,8211
30374,CCTV,Riyadh,228,73,16644
30375,Electrical,Riyadh,79,185,14615
30376,Cables,Doha,431,162,69822
30377,Electrical,Dubai,447,111,49617
30378,Cables,Riyadh,269,27,7263
30379,Electrical,Dubai,439,271,118969
30380,Cables,Dubai,72,119,8568
30381,Electrical,Riyadh,492,58,28536
30382,Electrical,Doha,467,155,72385
30383,Switches,Doha,255,69,17595
30384,Lighting,Muscat,495,102,50490
30385,CCTV,Dubai,59,273,16107
30386,Lighting,Muscat,295,215,63425
30387,Switches,Doha,243,46,11178
30388,Cables,Riyadh,466,96,44736
30389,Lighting,Riyadh,25,274,6850
30390,CCTV,Doha,445,40,17800
30391,CCTV,Doha,13,237,3081
30392,Cables,Dubai,291,64,18624
30393,CCTV,Muscat,166,201,33366
30394,Switches,Muscat,229,163,37327
30395,Lighting,Doha,404,71,28684
30396,CCTV,Dubai,357,270,96390
30397,Lighting,Riyadh,373,125,46625
30398,Electrical,Doha,489,218,106602
30399,Lighting,Muscat,417,299,124683
30400,Cables,Dubai,60,167,10020
30401,Switches,Dubai,51,122,6222
30402,CCTV,Dubai,432,21,9072
30403,Switches,Muscat,144,275,39600
30404,Lighting,Dubai,283,79,22357
30405,CCTV,Riyadh,268,110,29480
30406,Switches,Muscat,200,120,24000
30407,Cables,Doha,265,133,35245
30408,Electrical,Dubai,245,281,68845
30409,Electrical,Muscat,285,73,20805
30410,Cables,Doha,363,207,75141
30411,Electrical,Doha,487,46,22402
30412,Cables,Riyadh,82,259,21238
30413,Lighting,Doha,83,99,8217
30414,Cables,Riyadh,132,209,27588
30415,Electrical,Muscat,79,110,8690
30416,Lighting,Riyadh,410,54,22140
30417,Cables,Muscat,88,77,6776
30418,Cables,Muscat,490,208,101920
30419,Lighting,Dubai,257,272,69904
30420,CCTV,Riyadh,196,55,10780
30421,Electrical,Muscat,447,111,49617
30422,CCTV,Dubai,150,75,11250
30423,Lighting,Riyadh,307,86,26402
30424,Lighting,Riyadh,53,188,9964
30425,Switches,Doha,256,150,38400
30426,Switches,Dubai,479,185,88615
30427,Lighting,Doha,345,71,24495
30428,Switches,Muscat,235,171,40185
30429,Cables,Riyadh,76,124,9424
30430,CCTV,Muscat,465,111,51615
30431,Lighting,Dubai,285,220,62700
30432,Cables,Riyadh,262,238,62356
30433,Electrical,Muscat,312,86,26832
30434,Electrical,Riyadh,289,188,54332
30435,Switches,Doha,188,47,8836
30436,Switches,Dubai,411,51,20961
30437,Cables,Dubai,288,185,53280
30438,Electrical,Dubai,138,155,21390
30439,Lighting,Riyadh,388,87,33756
30440,CCTV,Muscat,124,173,21452
30441,Switches,Muscat,331,115,38065
30442,Cables,Dubai,398,216,85968
30443,Switches,Riyadh,283,127,35941
30444,Cables,Riyadh,473,65,30745
30445,Electrical,Riyadh,211,205,43255
30446,Switches,Muscat,126,102,12852
30447,Cables,Dubai,486,157,76302
30448,Cables,Muscat,44,256,11264
30449,Switches,Doha,418,164,68552
30450,CCTV,Riyadh,115,297,34155
30451,Lighting,Doha,258,119,30702
30452,Electrical,Dubai,161,33,5313
30453,Switches,Dubai,150,281,42150
30454,Switches,Muscat,414,66,27324
30455,CCTV,Dubai,499,244,121756
30456,Electrical,Dubai,304,163,49552
30457,Switches,Muscat,171,215,36765
30458,CCTV,Muscat,156,276,43056
30459,Lighting,Muscat,421,27,11367
30460,Cables,Muscat,265,297,78705
30461,Lighting,Dubai,100,42,4200
30462,Lighting,Doha,379,103,39037
30463,Lighting,Muscat,227,274,62198
30464,Lighting,Dubai,148,43,6364
30465,Cables,Dubai,186,57,10602
30466,Electrical,Dubai,300,240,72000
30467,Electrical,Dubai,349,233,81317
30468,CCTV,Dubai,85,104,8840
30469,CCTV,Muscat,66,23,1518
30470,Switches,Muscat,37,214,7918
30471,Lighting,Riyadh,331,133,44023
30472,Lighting,Riyadh,330,234,77220
30473,Cables,Muscat,466,160,74560
30474,Lighting,Muscat,159,186,29574
30475,Cables,Muscat,316,24,7584
30476,Switches,Doha,497,146,72562
30477,CCTV,Muscat,356,105,37380
30478,CCTV,Dubai,402,105,42210
30479,Switches,Doha,208,43,8944
30480,Switches,Doha,173,64,11072
30481,Lighting,Dubai,191,130,24830
30482,CCTV,Dubai,249,204,50796
30483,Electrical,Riyadh,431,254,109474
30484,Switches,Dubai,251,176,44176
30485,CCTV,Muscat,75,180,13500
30486,CCTV,Muscat,180,219,39420
30487,Cables,Riyadh,142,141,20022
30488,CCTV,Doha,90,243,21870
30489,Switches,Doha,174,42,7308
30490,Lighting,Riyadh,451,216,97416
30491,CCTV,Muscat,72,25,1800
30492,Electrical,Riyadh,364,108,39312
30493,Switches,Muscat,60,292,17520
30494,Lighting,Muscat,81,284,23004
30495,Lighting,Dubai,52,134,6968
30496,Switches,Riyadh,332,143,47476
30497,Lighting,Riyadh,460,279,128340
30498,Electrical,Muscat,330,188,62040
30499,CCTV,Muscat,327,55,17985
30500,Switches,Dubai,225,248,55800
30501,CCTV,Muscat,200,153,30600
30502,CCTV,Muscat,167,263,43921
30503,Lighting,Doha,499,84,41916
30504,Switches,Riyadh,99,256,25344
30505,CCTV,Dubai,431,22,9482
30506,Cables,Dubai,113,56,6328
30507,Electrical,Muscat,60,128,7680
30508,Lighting,Riyadh,263,269,70747
30509,Switches,Doha,116,22,2552
30510,Switches,Dubai,303,254,76962
30511,Lighting,Muscat,245,270,66150
30512,CCTV,Riyadh,332,162,53784
30513,Lighting,Doha,342,267,91314
30514,Switches,Riyadh,365,75,27375
30515,Cables,Dubai,114,80,9120
30516,CCTV,Muscat,264,87,22968
30517,Lighting,Muscat,313,98,30674
30518,Switches,Dubai,405,215,87075
30519,Switches,Dubai,29,214,6206
30520,Switches,Riyadh,368,42,15456
30521,Cables,Dubai,81,33,2673
30522,CCTV,Riyadh,126,28,3528
30523,Lighting,Muscat,376,159,59784
30524,CCTV,Doha,139,261,36279
30525,Switches,Muscat,468,272,127296
30526,Cables,Muscat,129,246,31734
30527,Cables,Doha,222,114,25308
30528,Switches,Doha,238,198,47124
30529,CCTV,Doha,192,22,4224
30530,CCTV,Muscat,143,203,29029
30531,Cables,Dubai,348,65,22620
30532,Electrical,Muscat,487,160,77920
30533,Cables,Dubai,240,32,7680
30534,Cables,Riyadh,393,205,80565
30535,Lighting,Muscat,373,104,38792
30536,Cables,Doha,455,62,28210
30537,Electrical,Muscat,442,175,77350
30538,Cables,Muscat,493,203,100079
30539,CCTV,Doha,349,66,23034
30540,Lighting,Riyadh,447,225,100575
30541,Lighting,Riyadh,255,229,58395
30542,Cables,Riyadh,403,294,118482
30543,Lighting,Riyadh,417,102,42534
30544,Lighting,Muscat,261,116,30276
30545,Cables,Muscat,234,198,46332
30546,Electrical,Doha,166,167,27722
30547,Cables,Dubai,128,91,11648
30548,CCTV,Doha,103,236,24308
30549,Switches,Riyadh,237,228,54036
30550,Electrical,Dubai,374,143,53482
30551,Cables,Doha,399,175,69825
30552,Electrical,Riyadh,195,52,10140
30553,Switches,Dubai,343,288,98784
30554,Lighting,Dubai,194,235,45590
30555,Lighting,Riyadh,396,120,47520
30556,Switches,Dubai,289,199,57511
30557,Lighting,Doha,412,146,60152
30558,Electrical,Doha,239,188,44932
30559,Lighting,Doha,491,154,75614
30560,Switches,Dubai,274,112,30688
30561,Switches,Dubai,167,240,40080
30562,Switches,Riyadh,361,174,62814
30563,CCTV,Riyadh,86,299,25714
30564,Electrical,Dubai,91,218,19838
30565,Switches,Doha,437,260,113620
30566,Electrical,Dubai,190,117,22230
30567,CCTV,Muscat,351,269,94419
30568,Electrical,Doha,205,124,25420
30569,Cables,Muscat,69,280,19320
30570,CCTV,Riyadh,160,148,23680
30571,CCTV,Dubai,70,278,19460
30572,Lighting,Muscat,144,159,22896
30573,Switches,Dubai,437,34,14858
30574,CCTV,Muscat,448,203,90944
30575,Electrical,Dubai,340,35,11900
30576,Cables,Doha,48,240,11520
30577,Electrical,Riyadh,262,82,21484
30578,Electrical,Doha,387,260,100620
30579,Cables,Riyadh,452,298,134696
30580,Lighting,Doha,115,276,31740
30581,Switches,Riyadh,242,204,49368
30582,CCTV,Doha,363,95,34485
30583,Switches,Dubai,398,46,18308
30584,Lighting,Doha,179,44,7876
30585,Cables,Muscat,226,81,18306
30586,Switches,Muscat,357,165,58905
30587,Electrical,Dubai,23,252,5796
30588,CCTV,Dubai,420,103,43260
30589,CCTV,Dubai,25,194,4850
30590,Lighting,Muscat,228,189,43092
30591,Lighting,Doha,395,23,9085
30592,Cables,Dubai,412,69,28428
30593,Lighting,Doha,416,289,120224
30594,Switches,Riyadh,178,27,4806
30595,CCTV,Doha,23,88,2024
30596,Cables,Doha,440,158,69520
30597,Lighting,Muscat,252,267,67284
30598,Electrical,Doha,328,48,15744
30599,CCTV,Muscat,483,202,97566
30600,Cables,Riyadh,17,232,3944
30601,CCTV,Muscat,292,38,11096
30602,Switches,Riyadh,120,245,29400
30603,Lighting,Riyadh,49,249,12201
30604,Lighting,Dubai,421,115,48415
30605,Lighting,Doha,77,134,10318
30606,Electrical,Doha,132,199,26268
30607,Switches,Dubai,326,97,31622
30608,Electrical,Dubai,175,295,51625
30609,Switches,Doha,212,201,42612
30610,Switches,Dubai,137,114,15618
30611,Switches,Dubai,373,105,39165
30612,Lighting,Riyadh,161,114,18354
30613,Lighting,Dubai,421,164,69044
30614,Lighting,Dubai,434,267,115878
30615,Electrical,Muscat,155,200,31000
30616,Cables,Doha,58,38,2204
30617,Switches,Muscat,478,157,75046
30618,Electrical,Dubai,419,63,26397
30619,Lighting,Dubai,12,245,2940
30620,Lighting,Muscat,260,56,14560
30621,Cables,Dubai,86,239,20554
30622,Lighting,Riyadh,431,147,63357
30623,Switches,Muscat,229,162,37098
30624,CCTV,Muscat,407,202,82214
30625,Lighting,Doha,394,62,24428
30626,Cables,Muscat,357,229,81753
30627,CCTV,Riyadh,388,67,25996
30628,Switches,Dubai,237,239,56643
30629,Switches,Muscat,127,215,27305
30630,Switches,Muscat,276,191,52716
30631,Cables,Doha,244,256,62464
30632,CCTV,Doha,177,194,34338
30633,Switches,Dubai,269,51,13719
30634,Lighting,Muscat,427,243,103761
30635,CCTV,Riyadh,202,73,14746
30636,Switches,Dubai,193,205,39565
30637,CCTV,Riyadh,19,253,4807
30638,Lighting,Muscat,346,250,86500
30639,Electrical,Dubai,336,129,43344
30640,Switches,Doha,368,119,43792
30641,Lighting,Doha,457,219,100083
30642,Cables,Riyadh,150,230,34500
30643,Switches,Dubai,31,240,7440
30644,Electrical,Riyadh,321,169,54249
30645,Lighting,Doha,387,182,70434
30646,Lighting,Muscat,202,162,32724
30647,CCTV,Doha,101,277,27977
30648,Switches,Muscat,106,264,27984
30649,Electrical,Riyadh,150,169,25350
30650,Cables,Riyadh,266,131,34846
30651,CCTV,Riyadh,47,118,5546
30652,Switches,Muscat,256,122,31232
30653,Electrical,Riyadh,265,230,60950
30654,CCTV,Riyadh,451,31,13981
30655,Electrical,Dubai,418,245,102410
30656,Electrical,Muscat,307,167,51269
30657,CCTV,Riyadh,94,198,18612
30658,CCTV,Riyadh,426,26,11076
30659,Switches,Muscat,450,171,76950
30660,CCTV,Muscat,46,89,4094
30661,Switches,Doha,194,72,13968
30662,Electrical,Doha,107,181,19367
30663,CCTV,Dubai,327,112,36624
30664,Switches,Riyadh,396,170,67320
30665,Switches,Muscat,39,77,3003
30666,Cables,Riyadh,460,215,98900
30667,Switches,Doha,200,227,45400
30668,Switches,Doha,347,81,28107
30669,Cables,Doha,288,214,61632
30670,Lighting,Muscat,465,74,34410
30671,CCTV,Riyadh,210,68,14280
30672,Cables,Muscat,331,125,41375
30673,Switches,Riyadh,198,97,19206
30674,Switches,Dubai,267,76,20292
30675,CCTV,Doha,164,188,30832
30676,Electrical,Doha,441,226,99666
30677,Cables,Doha,496,279,138384
30678,Lighting,Doha,328,295,96760
30679,CCTV,Muscat,237,182,43134
30680,CCTV,Doha,14,263,3682
30681,Cables,Riyadh,138,269,37122
30682,Switches,Riyadh,415,58,24070
30683,Switches,Doha,83,140,11620
30684,Lighting,Doha,374,105,39270
30685,Cables,Muscat,33,118,3894
30686,CCTV,Muscat,324,265,85860
30687,Cables,Riyadh,472,227,107144
30688,Electrical,Riyadh,490,132,64680
30689,CCTV,Dubai,443,102,45186
30690,Lighting,Riyadh,288,84,24192
30691,Lighting,Dubai,215,20,4300
30692,CCTV,Doha,155,193,29915
30693,Switches,Doha,98,269,26362
30694,CCTV,Doha,31,245,7595
30695,CCTV,Riyadh,309,103,31827
30696,Electrical,Riyadh,53,258,13674
30697,CCTV,Doha,46,47,2162
30698,Cables,Muscat,16,202,3232
30699,Cables,Doha,483,154,74382
30700,Lighting,Dubai,289,76,21964
30701,Switches,Muscat,470,134,62980
30702,Lighting,Muscat,178,205,36490
30703,Electrical,Riyadh,79,20,1580
30704,CCTV,Riyadh,222,48,10656
30705,Lighting,Dubai,80,251,20080
30706,CCTV,Doha,411,169,69459
30707,Lighting,Doha,216,209,45144
30708,CCTV,Riyadh,81,289,23409
30709,Lighting,Riyadh,325,267,86775
30710,Cables,Doha,189,214,40446
30711,Electrical,Muscat,217,274,59458
30712,Lighting,Dubai,186,98,18228
30713,Cables,Dubai,204,117,23868
30714,Switches,Dubai,310,169,52390
30715,Lighting,Riyadh,402,293,117786
30716,CCTV,Muscat,381,142,54102
30717,Electrical,Dubai,248,117,29016
30718,Cables,Muscat,163,183,29829
30719,Cables,Riyadh,163,65,10595
30720,Electrical,Riyadh,39,258,10062
30721,Lighting,Doha,36,249,8964
30722,CCTV,Muscat,473,263,124399
30723,Switches,Muscat,249,37,9213
30724,Lighting,Muscat,252,190,47880
30725,Electrical,Doha,141,176,24816
30726,Lighting,Dubai,188,223,41924
30727,Lighting,Dubai,348,165,57420
30728,Electrical,Riyadh,107,162,17334
30729,Electrical,Doha,335,206,69010
30730,Switches,Muscat,246,141,34686
30731,Electrical,Doha,344,119,40936
30732,Electrical,Riyadh,147,34,4998
30733,Electrical,Dubai,127,62,7874
30734,Cables,Dubai,115,206,23690
30735,Electrical,Riyadh,45,27,1215
30736,Electrical,Doha,55,131,7205
30737,Electrical,Riyadh,113,52,5876
30738,Switches,Muscat,399,109,43491
30739,Lighting,Muscat,373,168,62664
30740,Electrical,Riyadh,369,231,85239
30741,Electrical,Muscat,79,135,10665
30742,Switches,Muscat,216,192,41472
30743,Lighting,Dubai,230,39,8970
30744,Switches,Doha,98,151,14798
30745,CCTV,Dubai,476,256,121856
30746,CCTV,Dubai,471,96,45216
30747,CCTV,Doha,12,242,2904
30748,Electrical,Dubai,443,145,64235
30749,Switches,Muscat,307,58,17806
30750,Electrical,Riyadh,375,228,85500
30751,CCTV,Riyadh,471,125,58875
30752,Lighting,Doha,447,159,71073
30753,Lighting,Riyadh,240,268,64320
30754,Switches,Riyadh,432,74,31968
30755,Lighting,Riyadh,478,137,65486
30756,CCTV,Riyadh,127,195,24765
30757,Switches,Dubai,320,232,74240
30758,Switches,Muscat,404,284,114736
30759,CCTV,Muscat,123,159,19557
30760,CCTV,Riyadh,211,292,61612
30761,CCTV,Doha,472,41,19352
30762,CCTV,Dubai,39,206,8034
30763,Switches,Riyadh,373,226,84298
30764,Lighting,Riyadh,256,166,42496
30765,CCTV,Doha,90,173,15570
30766,Cables,Dubai,255,127,32385
30767,Switches,Riyadh,193,170,32810
30768,Electrical,Doha,422,194,81868
30769,Lighting,Dubai,282,74,20868
30770,Switches,Dubai,42,286,12012
30771,CCTV,Riyadh,111,173,19203
30772,Cables,Doha,286,209,59774
30773,Electrical,Doha,120,168,20160
30774,Lighting,Riyadh,215,27,5805
30775,CCTV,Riyadh,275,167,45925
30776,Switches,Riyadh,499,192,95808
30777,Switches,Doha,224,100,22400
30778,Lighting,Dubai,112,98,10976
30779,Cables,Riyadh,304,79,24016
30780,CCTV,Muscat,87,114,9918
30781,Lighting,Muscat,184,147,27048
30782,Lighting,Riyadh,351,141,49491
30783,Switches,Muscat,61,106,6466
30784,Lighting,Dubai,306,100,30600
30785,Electrical,Dubai,485,41,19885
30786,Electrical,Muscat,184,271,49864
30787,CCTV,Doha,466,209,97394
30788,Lighting,Riyadh,352,105,36960
30789,Switches,Doha,208,27,5616
30790,CCTV,Dubai,97,249,24153
30791,Cables,Muscat,180,171,30780
30792,Switches,Riyadh,46,297,13662
30793,Cables,Muscat,132,34,4488
30794,CCTV,Muscat,210,267,56070
30795,Electrical,Doha,73,274,20002
30796,Switches,Doha,495,186,92070
30797,Switches,Muscat,464,100,46400
30798,CCTV,Dubai,197,88,17336
30799,Switches,Riyadh,224,202,45248
30800,Switches,Muscat,418,83,34694
30801,CCTV,Muscat,384,283,108672
30802,Lighting,Muscat,252,105,26460
30803,CCTV,Muscat,159,63,10017
30804,Switches,Doha,436,168,73248
30805,CCTV,Doha,133,279,37107
30806,Switches,Dubai,464,78,36192
30807,Cables,Riyadh,207,113,23391
30808,Cables,Muscat,45,24,1080
30809,Electrical,Dubai,311,102,31722
30810,CCTV,Doha,287,56,16072
30811,CCTV,Riyadh,44,46,2024
30812,Cables,Dubai,122,32,3904
30813,Cables,Riyadh,184,84,15456
30814,Cables,Riyadh,42,222,9324
30815,Electrical,Riyadh,222,199,44178
30816,Electrical,Doha,212,290,61480
30817,Lighting,Muscat,406,34,13804
30818,CCTV,Riyadh,263,20,5260
30819,Electrical,Dubai,65,290,18850
30820,Switches,Riyadh,332,67,22244
30821,CCTV,Riyadh,22,201,4422
30822,Lighting,Doha,59,202,11918
30823,Cables,Dubai,257,233,59881
30824,Lighting,Riyadh,242,46,11132
30825,CCTV,Doha,450,245,110250
30826,Cables,Doha,491,177,86907
30827,Lighting,Muscat,37,79,2923
30828,Lighting,Muscat,113,85,9605
30829,CCTV,Muscat,363,193,70059
30830,Electrical,Riyadh,105,71,7455
30831,Switches,Riyadh,352,262,92224
30832,Lighting,Riyadh,353,263,92839
30833,Switches,Doha,202,140,28280
30834,CCTV,Riyadh,417,61,25437
30835,CCTV,Doha,460,203,93380
30836,Electrical,Dubai,134,64,8576
30837,Cables,Riyadh,90,71,6390
30838,Switches,Dubai,16,170,2720
30839,Lighting,Muscat,339,48,16272
30840,Cables,Dubai,92,76,6992
30841,Switches,Dubai,33,294,9702
30842,Switches,Doha,402,228,91656
30843,Cables,Doha,123,27,3321
30844,Cables,Doha,24,266,6384
30845,Electrical,Doha,122,214,26108
30846,Lighting,Muscat,449,47,21103
30847,Lighting,Dubai,387,254,98298
30848,Lighting,Muscat,351,149,52299
30849,Cables,Muscat,259,95,24605
30850,Electrical,Doha,154,252,38808
30851,CCTV,Dubai,28,249,6972
30852,Electrical,Dubai,18,208,3744
30853,Cables,Muscat,329,21,6909
30854,Electrical,Doha,194,84,16296
30855,Cables,Muscat,47,71,3337
30856,Switches,Dubai,220,53,11660
30857,Switches,Doha,401,259,103859
30858,CCTV,Muscat,143,148,21164
30859,Switches,Dubai,442,262,115804
30860,CCTV,Riyadh,111,117,12987
30861,Lighting,Doha,438,95,41610
30862,Cables,Dubai,158,238,37604
30863,Lighting,Doha,102,120,12240
30864,Lighting,Dubai,299,138,41262
30865,CCTV,Doha,149,159,23691
30866,Cables,Riyadh,304,244,74176
30867,CCTV,Muscat,361,274,98914
30868,Electrical,Muscat,271,92,24932
30869,Lighting,Muscat,90,175,15750
30870,Cables,Riyadh,41,278,11398
30871,Lighting,Doha,197,83,16351
30872,Electrical,Doha,145,55,7975
30873,Electrical,Dubai,175,267,46725
30874,Cables,Dubai,486,63,30618
30875,Cables,Doha,488,138,67344
30876,Electrical,Riyadh,156,200,31200
30877,Lighting,Riyadh,254,89,22606
30878,Switches,Muscat,192,286,54912
30879,Lighting,Muscat,18,238,4284
30880,Switches,Muscat,445,209,93005
30881,CCTV,Doha,165,275,45375
30882,Cables,Dubai,327,206,67362
30883,Electrical,Doha,185,246,45510
30884,CCTV,Doha,123,80,9840
30885,Lighting,Riyadh,252,187,47124
30886,Switches,Riyadh,176,151,26576
30887,Cables,Dubai,497,174,86478
30888,Switches,Dubai,446,291,129786
30889,Lighting,Doha,232,229,53128
30890,Lighting,Doha,200,26,5200
30891,Electrical,Doha,284,30,8520
30892,CCTV,Doha,298,219,65262
30893,Cables,Riyadh,73,270,19710
30894,Electrical,Muscat,291,83,24153
30895,Switches,Muscat,182,199,36218
30896,CCTV,Muscat,266,147,39102
30897,Cables,Dubai,212,281,59572
30898,Switches,Dubai,459,139,63801
30899,Cables,Dubai,428,67,28676
30900,Cables,Dubai,86,88,7568
30901,CCTV,Riyadh,112,281,31472
30902,Switches,Doha,235,249,58515
30903,Electrical,Dubai,235,271,63685
30904,Electrical,Muscat,236,250,59000
30905,Electrical,Dubai,105,243,25515
30906,Cables,Muscat,438,226,98988
30907,Lighting,Doha,85,47,3995
30908,CCTV,Riyadh,42,238,9996
30909,Electrical,Riyadh,91,120,10920
30910,CCTV,Dubai,78,77,6006
30911,Cables,Dubai,348,43,14964
30912,CCTV,Muscat,424,246,104304
30913,Electrical,Dubai,228,188,42864
30914,Electrical,Riyadh,457,265,121105
30915,Cables,Dubai,371,231,85701
30916,Cables,Muscat,367,285,104595
30917,Switches,Doha,379,40,15160
30918,Cables,Riyadh,408,143,58344
30919,Lighting,Riyadh,311,116,36076
30920,Lighting,Doha,129,157,20253
30921,Electrical,Doha,57,112,6384
30922,Cables,Riyadh,77,114,8778
30923,Lighting,Muscat,348,43,14964
30924,Lighting,Muscat,94,155,14570
30925,Switches,Dubai,391,152,59432
30926,Cables,Muscat,433,73,31609
30927,Switches,Riyadh,386,131,50566
30928,CCTV,Dubai,394,150,59100
30929,Switches,Muscat,285,297,84645
30930,CCTV,Doha,265,283,74995
30931,CCTV,Muscat,415,97,40255
30932,Cables,Dubai,447,282,126054
30933,CCTV,Doha,214,87,18618
30934,CCTV,Dubai,242,81,19602
30935,Switches,Dubai,74,194,14356
30936,Cables,Doha,408,299,121992
30937,Cables,Dubai,326,255,83130
30938,CCTV,Riyadh,88,155,13640
30939,Switches,Dubai,23,243,5589
30940,Switches,Riyadh,334,108,36072
30941,Switches,Doha,387,126,48762
30942,Switches,Dubai,314,60,18840
30943,Electrical,Muscat,399,205,81795
30944,CCTV,Dubai,178,207,36846
30945,CCTV,Riyadh,168,28,4704
30946,CCTV,Riyadh,125,199,24875
30947,Cables,Muscat,355,205,72775
30948,Cables,Doha,201,101,20301
30949,Switches,Riyadh,354,196,69384
30950,Cables,Riyadh,444,113,50172
30951,Lighting,Riyadh,452,135,61020
30952,CCTV,Dubai,192,179,34368
30953,CCTV,Dubai,382,264,100848
30954,Electrical,Dubai,387,232,89784
30955,Electrical,Dubai,442,171,75582
30956,Lighting,Dubai,240,185,44400
30957,Electrical,Muscat,177,162,28674
30958,Switches,Riyadh,24,44,1056
30959,Switches,Muscat,463,219,101397
30960,CCTV,Riyadh,202,252,50904
30961,Switches,Dubai,242,23,5566
30962,Electrical,Dubai,272,192,52224
30963,Lighting,Doha,455,203,92365
30964,Switches,Doha,63,270,17010
30965,CCTV,Muscat,189,131,24759
30966,CCTV,Riyadh,444,149,66156
30967,Electrical,Muscat,13,206,2678
30968,Switches,Doha,266,48,12768
30969,Electrical,Riyadh,370,177,65490
30970,CCTV,Muscat,331,254,84074
30971,Lighting,Doha,249,297,73953
30972,Switches,Dubai,491,121,59411
30973,Lighting,Muscat,172,244,41968
30974,Switches,Dubai,470,294,138180
30975,CCTV,Muscat,346,251,86846
30976,Switches,Riyadh,147,293,43071
30977,CCTV,Riyadh,460,132,60720
30978,Cables,Riyadh,333,158,52614
30979,CCTV,Riyadh,482,235,113270
30980,CCTV,Doha,238,293,69734
30981,Switches,Dubai,111,203,22533
30982,Lighting,Doha,486,213,103518
30983,CCTV,Muscat,202,298,60196
30984,Switches,Muscat,316,291,91956
30985,CCTV,Dubai,39,91,3549
30986,Electrical,Dubai,304,215,65360
30987,Electrical,Doha,256,289,73984
30988,Electrical,Riyadh,403,259,104377
30989,Electrical,Doha,230,127,29210
30990,Lighting,Doha,181,119,21539
30991,CCTV,Muscat,169,100,16900
30992,Electrical,Doha,181,289,52309
30993,Switches,Dubai,72,36,2592
30994,Electrical,Riyadh,70,212,14840
30995,Cables,Muscat,74,231,17094
30996,Cables,Dubai,178,145,25810
30997,Lighting,Muscat,90,145,13050
30998,Cables,Doha,256,149,38144
30999,Switches,Doha,277,164,45428
31000,Electrical,Dubai,389,275,106975
31001,Cables,Dubai,267,42,11214
31002,Cables,Muscat,82,233,19106
31003,Lighting,Riyadh,341,148,50468
31004,Cables,Muscat,197,31,6107
31005,Electrical,Doha,34,160,5440
31006,CCTV,Dubai,237,287,68019
31007,Electrical,Dubai,127,76,9652
31008,Cables,Muscat,454,105,47670
31009,Cables,Dubai,117,293,34281
31010,Cables,Dubai,251,122,30622
31011,Lighting,Doha,108,162,17496
31012,Switches,Riyadh,31,195,6045
31013,Electrical,Dubai,490,152,74480
31014,Cables,Dubai,65,283,18395
31015,CCTV,Muscat,158,166,26228
31016,Lighting,Riyadh,320,31,9920
31017,Switches,Doha,49,74,3626
31018,Cables,Dubai,444,249,110556
31019,Electrical,Riyadh,159,141,22419
31020,CCTV,Riyadh,421,252,106092
31021,Lighting,Muscat,130,181,23530
31022,Electrical,Doha,269,101,27169
31023,Electrical,Riyadh,35,66,2310
31024,Lighting,Doha,480,179,85920
31025,Electrical,Riyadh,121,198,23958
31026,CCTV,Dubai,378,227,85806
31027,CCTV,Doha,453,59,26727
31028,Electrical,Muscat,32,233,7456
31029,Cables,Riyadh,178,173,30794
31030,Electrical,Dubai,323,185,59755
31031,Cables,Riyadh,273,291,79443
31032,Electrical,Dubai,125,43,5375
31033,Switches,Doha,489,134,65526
31034,CCTV,Muscat,316,279,88164
31035,Electrical,Dubai,240,245,58800
31036,CCTV,Riyadh,198,121,23958
31037,Lighting,Dubai,266,150,39900
31038,Switches,Dubai,129,283,36507
31039,Cables,Muscat,295,31,9145
31040,Lighting,Doha,485,200,97000
31041,Switches,Dubai,282,180,50760
31042,Lighting,Dubai,416,133,55328
31043,CCTV,Riyadh,367,37,13579
31044,Switches,Riyadh,387,123,47601
31045,Lighting,Doha,161,205,33005
31046,Cables,Doha,95,112,10640
31047,Switches,Doha,334,162,54108
31048,Switches,Riyadh,354,162,57348
31049,Lighting,Dubai,445,119,52955
31050,Electrical,Doha,336,81,27216
31051,Cables,Riyadh,255,103,26265
31052,Cables,Riyadh,323,295,95285
31053,Lighting,Doha,415,186,77190
31054,CCTV,Riyadh,324,148,47952
31055,CCTV,Dubai,437,86,37582
31056,Electrical,Muscat,302,66,19932
31057,Electrical,Riyadh,171,167,28557
31058,Lighting,Riyadh,109,269,29321
31059,CCTV,Muscat,378,156,58968
31060,Cables,Dubai,194,114,22116
31061,CCTV,Doha,450,257,115650
31062,Lighting,Riyadh,433,54,23382
31063,CCTV,Dubai,285,277,78945
31064,Switches,Doha,494,289,142766
31065,Lighting,Dubai,26,66,1716
31066,Switches,Muscat,445,113,50285
31067,Lighting,Riyadh,269,201,54069
31068,Cables,Dubai,456,209,95304
31069,Lighting,Doha,254,70,17780
31070,Lighting,Doha,315,225,70875
31071,Lighting,Doha,347,144,49968
31072,Lighting,Muscat,485,231,112035
31073,Electrical,Dubai,59,285,16815
31074,Switches,Dubai,281,154,43274
31075,Lighting,Doha,244,292,71248
31076,Lighting,Doha,81,297,24057
31077,Electrical,Doha,326,286,93236
31078,CCTV,Muscat,53,298,15794
31079,Electrical,Muscat,411,233,95763
31080,Electrical,Riyadh,315,81,25515
31081,Electrical,Riyadh,486,73,35478
31082,Lighting,Riyadh,497,131,65107
31083,Electrical,Doha,89,288,25632
31084,Electrical,Muscat,295,126,37170
31085,Electrical,Muscat,58,187,10846
31086,Lighting,Riyadh,107,93,9951
31087,Cables,Doha,487,255,124185
31088,Cables,Dubai,414,111,45954
31089,CCTV,Doha,415,104,43160
31090,Lighting,Doha,440,94,41360
31091,Electrical,Riyadh,34,103,3502
31092,Electrical,Muscat,223,264,58872
31093,Electrical,Muscat,65,247,16055
31094,Cables,Dubai,264,102,26928
31095,Electrical,Muscat,457,34,15538
31096,Electrical,Muscat,165,200,33000
31097,Cables,Dubai,496,282,139872
31098,Electrical,Dubai,170,97,16490
31099,CCTV,Riyadh,203,248,50344
31100,Switches,Riyadh,13,252,3276
31101,CCTV,Riyadh,473,49,23177
31102,Lighting,Riyadh,277,174,48198
31103,CCTV,Muscat,410,204,83640
31104,CCTV,Riyadh,45,274,12330
31105,Cables,Doha,25,188,4700
31106,Lighting,Dubai,496,100,49600
31107,CCTV,Riyadh,416,229,95264
31108,Switches,Dubai,465,278,129270
31109,CCTV,Muscat,386,56,21616
31110,Electrical,Riyadh,146,73,10658
31111,Cables,Doha,87,231,20097
31112,Electrical,Dubai,320,119,38080
31113,Lighting,Riyadh,82,104,8528
31114,Lighting,Doha,329,232,76328
31115,Cables,Muscat,440,283,124520
31116,CCTV,Doha,254,105,26670
31117,Lighting,Muscat,355,82,29110
31118,Switches,Dubai,237,211,50007
31119,Cables,Riyadh,204,112,22848
31120,Electrical,Doha,255,272,69360
31121,Switches,Doha,403,157,63271
31122,Cables,Doha,98,68,6664
31123,Switches,Muscat,269,140,37660
31124,Cables,Dubai,295,58,17110
31125,Electrical,Dubai,148,53,7844
31126,CCTV,Riyadh,60,285,17100
31127,Cables,Riyadh,156,28,4368
31128,Lighting,Dubai,251,207,51957
31129,Electrical,Dubai,406,115,46690
31130,Electrical,Dubai,450,152,68400
31131,Switches,Doha,493,182,89726
31132,Lighting,Muscat,396,158,62568
31133,Switches,Dubai,377,99,37323
31134,Electrical,Riyadh,343,110,37730
31135,Cables,Muscat,467,275,128425
31136,Lighting,Doha,431,167,71977
31137,Electrical,Muscat,241,198,47718
31138,Lighting,Dubai,36,276,9936
31139,Cables,Muscat,353,237,83661
31140,CCTV,Riyadh,217,286,62062
31141,Switches,Muscat,147,98,14406
31142,Switches,Dubai,383,186,71238
31143,Electrical,Muscat,446,123,54858
31144,Electrical,Muscat,164,234,38376
31145,Cables,Muscat,16,94,1504
31146,Electrical,Riyadh,124,244,30256
31147,Electrical,Muscat,101,89,8989
31148,Electrical,Muscat,355,209,74195
31149,Lighting,Doha,91,125,11375
31150,Lighting,Muscat,22,89,1958
31151,CCTV,Muscat,81,29,2349
31152,Lighting,Doha,100,233,23300
31153,Switches,Riyadh,197,24,4728
31154,CCTV,Riyadh,407,47,19129
31155,Electrical,Doha,114,260,29640
31156,Switches,Doha,309,255,78795
31157,CCTV,Muscat,463,111,51393
31158,CCTV,Riyadh,93,57,5301
31159,Switches,Riyadh,37,238,8806
31160,CCTV,Muscat,288,171,49248
31161,Switches,Dubai,21,211,4431
31162,CCTV,Muscat,417,140,58380
31163,CCTV,Dubai,316,190,60040
31164,CCTV,Muscat,373,129,48117
31165,Switches,Doha,159,163,25917
31166,CCTV,Muscat,327,85,27795
31167,Lighting,Doha,35,216,7560
31168,Lighting,Dubai,223,65,14495
31169,Lighting,Dubai,323,168,54264
31170,Lighting,Doha,464,79,36656
31171,Lighting,Doha,408,157,64056
31172,Electrical,Riyadh,249,109,27141
31173,CCTV,Riyadh,231,231,53361
31174,Cables,Muscat,77,188,14476
31175,Electrical,Doha,271,132,35772
31176,Switches,Dubai,120,85,10200
31177,Electrical,Riyadh,139,137,19043
31178,Cables,Doha,168,244,40992
31179,Electrical,Dubai,289,170,49130
31180,CCTV,Dubai,300,186,55800
31181,Lighting,Doha,312,114,35568
31182,CCTV,Muscat,40,279,11160
31183,Electrical,Riyadh,98,278,27244
31184,Cables,Riyadh,465,139,64635
31185,Switches,Doha,341,93,31713
31186,CCTV,Muscat,127,115,14605
31187,Cables,Dubai,139,196,27244
31188,Switches,Muscat,216,46,9936
31189,Lighting,Riyadh,369,230,84870
31190,CCTV,Doha,68,276,18768
31191,CCTV,Riyadh,105,224,23520
31192,Lighting,Doha,328,85,27880
31193,Lighting,Muscat,255,169,43095
31194,Electrical,Riyadh,468,186,87048
31195,Switches,Muscat,154,239,36806
31196,Cables,Riyadh,319,277,88363
31197,Lighting,Muscat,134,222,29748
31198,Electrical,Riyadh,414,259,107226
31199,Switches,Doha,31,248,7688
31200,Switches,Muscat,390,175,68250
31201,CCTV,Muscat,362,237,85794
31202,Electrical,Doha,381,214,81534
31203,Electrical,Dubai,448,289,129472
31204,CCTV,Riyadh,294,35,10290
31205,Cables,Riyadh,216,260,56160
31206,Lighting,Doha,414,271,112194
31207,CCTV,Riyadh,267,70,18690
31208,Lighting,Muscat,307,47,14429
31209,Electrical,Muscat,61,72,4392
31210,CCTV,Doha,47,135,6345
31211,Cables,Muscat,396,28,11088
31212,Lighting,Dubai,162,30,4860
31213,Lighting,Riyadh,342,126,43092
31214,Lighting,Doha,225,277,62325
31215,Electrical,Doha,455,201,91455
31216,Lighting,Riyadh,232,189,43848
31217,Switches,Dubai,152,158,24016
31218,Lighting,Doha,463,130,60190
31219,Electrical,Riyadh,114,111,12654
31220,CCTV,Dubai,19,239,4541
31221,Lighting,Doha,466,24,11184
31222,Lighting,Dubai,251,39,9789
31223,CCTV,Doha,498,120,59760
31224,Switches,Riyadh,385,176,67760
31225,Electrical,Riyadh,392,20,7840
31226,CCTV,Riyadh,123,231,28413
31227,Electrical,Dubai,242,138,33396
31228,CCTV,Muscat,78,279,21762
31229,Cables,Dubai,374,194,72556
31230,Switches,Riyadh,53,153,8109
31231,Cables,Doha,178,121,21538
31232,CCTV,Muscat,220,81,17820
31233,CCTV,Dubai,285,73,20805
31234,Electrical,Dubai,490,26,12740
31235,CCTV,Doha,116,22,2552
31236,Electrical,Doha,430,168,72240
31237,Electrical,Riyadh,488,31,15128
31238,CCTV,Dubai,176,123,21648
31239,Electrical,Doha,214,130,27820
31240,Switches,Doha,128,282,36096
31241,Cables,Muscat,495,192,95040
31242,CCTV,Riyadh,118,114,13452
31243,Electrical,Riyadh,463,222,102786
31244,Electrical,Dubai,248,64,15872
31245,Electrical,Doha,17,53,901
31246,Electrical,Riyadh,52,230,11960
31247,Switches,Dubai,403,244,98332
31248,CCTV,Riyadh,306,283,86598
31249,CCTV,Dubai,141,245,34545
31250,Switches,Doha,215,123,26445
31251,Switches,Riyadh,397,240,95280
31252,Switches,Dubai,289,142,41038
31253,CCTV,Dubai,248,241,59768
31254,Lighting,Doha,286,62,17732
31255,Cables,Riyadh,403,229,92287
31256,Switches,Dubai,55,30,1650
31257,Switches,Dubai,482,235,113270
31258,CCTV,Dubai,207,183,37881
31259,CCTV,Dubai,473,244,115412
31260,Cables,Riyadh,130,244,31720
31261,Electrical,Muscat,309,265,81885
31262,CCTV,Riyadh,229,165,37785
31263,Cables,Dubai,365,210,76650
31264,CCTV,Riyadh,298,280,83440
31265,CCTV,Riyadh,103,35,3605
31266,CCTV,Doha,301,213,64113
31267,Lighting,Doha,162,28,4536
31268,Lighting,Dubai,22,21,462
31269,Switches,Muscat,432,103,44496
31270,Lighting,Doha,216,228,49248
31271,Cables,Riyadh,264,77,20328
31272,CCTV,Dubai,431,125,53875
31273,Lighting,Muscat,167,155,25885
31274,CCTV,Doha,279,96,26784
31275,Electrical,Dubai,315,229,72135
31276,Switches,Muscat,77,251,19327
31277,Lighting,Dubai,266,144,38304
31278,CCTV,Muscat,198,199,39402
31279,Electrical,Doha,12,233,2796
31280,Switches,Riyadh,246,116,28536
31281,Switches,Riyadh,443,268,118724
31282,Electrical,Doha,454,240,108960
31283,Lighting,Doha,429,32,13728
31284,Lighting,Doha,141,110,15510
31285,CCTV,Muscat,180,212,38160
31286,Cables,Muscat,279,218,60822
31287,CCTV,Muscat,98,279,27342
31288,CCTV,Muscat,112,83,9296
31289,CCTV,Muscat,134,251,33634
31290,Electrical,Muscat,76,246,18696
31291,Switches,Muscat,272,186,50592
31292,Switches,Doha,17,270,4590
31293,Cables,Muscat,53,205,10865
31294,Lighting,Dubai,457,268,122476
31295,CCTV,Muscat,144,291,41904
31296,Electrical,Riyadh,257,157,40349
31297,Electrical,Riyadh,313,128,40064
31298,CCTV,Doha,327,63,20601
31299,Electrical,Riyadh,34,220,7480
31300,Electrical,Riyadh,474,123,58302
31301,CCTV,Riyadh,483,139,67137
31302,Cables,Doha,383,47,18001
31303,Electrical,Doha,205,126,25830
31304,Switches,Muscat,201,299,60099
31305,Switches,Riyadh,378,47,17766
31306,Switches,Muscat,411,205,84255
31307,CCTV,Doha,131,214,28034
31308,Switches,Muscat,269,165,44385
31309,Lighting,Muscat,410,279,114390
31310,Electrical,Riyadh,56,196,10976
31311,Cables,Doha,383,147,56301
31312,Switches,Riyadh,218,125,27250
31313,CCTV,Muscat,310,230,71300
31314,Cables,Doha,98,30,2940
31315,CCTV,Muscat,451,36,16236
31316,Cables,Muscat,12,85,1020
31317,Cables,Riyadh,405,132,53460
31318,Electrical,Doha,484,151,73084
31319,Cables,Doha,154,90,13860
31320,Lighting,Riyadh,383,80,30640
31321,Lighting,Dubai,31,263,8153
31322,Lighting,Riyadh,48,24,1152
31323,CCTV,Riyadh,304,40,12160
31324,Electrical,Dubai,116,205,23780
31325,CCTV,Doha,109,228,24852
31326,Switches,Dubai,281,250,70250
31327,Lighting,Muscat,238,33,7854
31328,Electrical,Muscat,444,98,43512
31329,Lighting,Riyadh,383,201,76983
31330,Electrical,Muscat,294,97,28518
31331,CCTV,Dubai,215,291,62565
31332,CCTV,Muscat,80,70,5600
31333,Lighting,Doha,178,276,49128
31334,Cables,Riyadh,194,37,7178
31335,Electrical,Riyadh,421,237,99777
31336,Switches,Doha,342,119,40698
31337,Cables,Doha,217,168,36456
31338,CCTV,Riyadh,414,174,72036
31339,Electrical,Doha,397,121,48037
31340,Cables,Muscat,496,134,66464
31341,Switches,Muscat,391,289,112999
31342,Cables,Muscat,364,111,40404
31343,Switches,Muscat,381,40,15240
31344,CCTV,Dubai,280,139,38920
31345,Electrical,Dubai,446,38,16948
31346,CCTV,Dubai,355,43,15265
31347,Electrical,Dubai,439,45,19755
31348,Cables,Muscat,144,172,24768
31349,CCTV,Muscat,155,221,34255
31350,Electrical,Doha,354,158,55932
31351,Switches,Dubai,494,299,147706
31352,Electrical,Dubai,158,43,6794
31353,CCTV,Riyadh,125,31,3875
31354,CCTV,Doha,401,154,61754
31355,Cables,Muscat,196,100,19600
31356,Switches,Doha,29,89,2581
31357,Electrical,Doha,347,223,77381
31358,CCTV,Riyadh,382,98,37436
31359,Electrical,Riyadh,476,298,141848
31360,Lighting,Doha,253,218,55154
31361,Switches,Dubai,76,175,13300
31362,Switches,Muscat,448,95,42560
31363,Lighting,Riyadh,71,238,16898
31364,Switches,Riyadh,495,296,146520
31365,Lighting,Muscat,283,284,80372
31366,Electrical,Riyadh,356,68,24208
31367,Lighting,Doha,472,117,55224
31368,Cables,Muscat,119,40,4760
31369,Lighting,Dubai,65,42,2730
31370,Electrical,Riyadh,94,157,14758
31371,Switches,Riyadh,415,249,103335
31372,Cables,Doha,273,48,13104
31373,Lighting,Dubai,404,40,16160
31374,Electrical,Riyadh,116,118,13688
31375,Cables,Muscat,21,82,1722
31376,Cables,Muscat,185,152,28120
31377,Cables,Doha,368,34,12512
31378,Lighting,Doha,328,124,40672
31379,Electrical,Riyadh,36,130,4680
31380,Electrical,Doha,300,130,39000
31381,Electrical,Muscat,139,23,3197
31382,CCTV,Doha,236,171,40356
31383,Switches,Muscat,488,61,29768
31384,Electrical,Riyadh,145,45,6525
31385,CCTV,Muscat,29,213,6177
31386,CCTV,Doha,273,27,7371
31387,Cables,Muscat,456,92,41952
31388,Switches,Muscat,333,97,32301
31389,Cables,Dubai,168,167,28056
31390,Switches,Dubai,169,87,14703
31391,Cables,Riyadh,406,202,82012
31392,Lighting,Muscat,351,104,36504
31393,Switches,Muscat,35,98,3430
31394,CCTV,Muscat,90,58,5220
31395,CCTV,Dubai,422,39,16458
31396,Switches,Muscat,484,89,43076
31397,Cables,Dubai,385,175,67375
31398,Lighting,Riyadh,479,136,65144
31399,Lighting,Muscat,27,47,1269
31400,Electrical,Muscat,78,117,9126
31401,Switches,Doha,405,170,68850
31402,Lighting,Dubai,139,41,5699
31403,Cables,Doha,435,280,121800
31404,Cables,Riyadh,144,79,11376
31405,CCTV,Dubai,312,182,56784
31406,Lighting,Muscat,388,133,51604
31407,Lighting,Muscat,227,215,48805
31408,Cables,Muscat,319,64,20416
31409,CCTV,Muscat,496,132,65472
31410,Lighting,Riyadh,24,198,4752
31411,Cables,Muscat,195,289,56355
31412,CCTV,Muscat,426,75,31950
31413,CCTV,Muscat,204,286,58344
31414,Cables,Doha,200,134,26800
31415,CCTV,Riyadh,243,186,45198
31416,CCTV,Dubai,441,134,59094
31417,Electrical,Riyadh,75,99,7425
31418,CCTV,Riyadh,90,48,4320
31419,Lighting,Riyadh,458,61,27938
31420,CCTV,Muscat,45,138,6210
31421,Lighting,Doha,244,81,19764
31422,Cables,Doha,26,174,4524
31423,CCTV,Doha,11,208,2288
31424,Cables,Doha,42,123,5166
31425,Switches,Dubai,358,76,27208
31426,CCTV,Doha,389,191,74299
31427,Cables,Muscat,143,175,25025
31428,Switches,Muscat,436,184,80224
31429,Lighting,Doha,365,88,32120
31430,Lighting,Dubai,353,77,27181
31431,Lighting,Doha,276,226,62376
31432,Lighting,Muscat,14,104,1456
31433,Lighting,Muscat,295,120,35400
31434,Electrical,Muscat,403,270,108810
31435,Cables,Riyadh,494,239,118066
31436,Switches,Muscat,356,179,63724
31437,Switches,Doha,100,206,20600
31438,CCTV,Muscat,161,106,17066
31439,Cables,Dubai,452,174,78648
31440,Electrical,Riyadh,387,299,115713
31441,Electrical,Dubai,127,183,23241
31442,Cables,Muscat,460,87,40020
31443,Lighting,Riyadh,70,231,16170
31444,Lighting,Riyadh,367,139,51013
31445,Cables,Riyadh,35,204,7140
31446,Switches,Muscat,118,235,27730
31447,Lighting,Dubai,377,149,56173
31448,CCTV,Muscat,304,97,29488
31449,Electrical,Riyadh,219,189,41391
31450,Lighting,Muscat,268,57,15276
31451,Switches,Riyadh,303,74,22422
31452,Lighting,Riyadh,51,65,3315
31453,Lighting,Riyadh,313,190,59470
31454,Electrical,Muscat,482,149,71818
31455,CCTV,Muscat,22,183,4026
31456,CCTV,Riyadh,98,89,8722
31457,Switches,Doha,97,88,8536
31458,Cables,Dubai,321,124,39804
31459,Cables,Riyadh,498,73,36354
31460,Cables,Riyadh,196,267,52332
31461,Switches,Riyadh,72,125,9000
31462,Lighting,Riyadh,345,116,40020
31463,CCTV,Riyadh,52,46,2392
31464,CCTV,Doha,242,91,22022
31465,Lighting,Muscat,243,204,49572
31466,CCTV,Doha,84,153,12852
31467,CCTV,Riyadh,262,193,50566
31468,Cables,Riyadh,322,117,37674
31469,Cables,Riyadh,158,83,13114
31470,Electrical,Muscat,488,132,64416
31471,Electrical,Dubai,191,84,16044
31472,CCTV,Dubai,216,235,50760
31473,Cables,Doha,190,108,20520
31474,Electrical,Doha,182,266,48412
31475,Electrical,Dubai,250,168,42000
31476,Cables,Riyadh,173,259,44807
31477,Electrical,Muscat,72,25,1800
31478,Lighting,Doha,391,256,100096
31479,Lighting,Muscat,244,286,69784
31480,Cables,Riyadh,134,257,34438
31481,Cables,Riyadh,266,158,42028
31482,Electrical,Doha,101,184,18584
31483,CCTV,Dubai,234,204,47736
31484,Switches,Dubai,204,173,35292
31485,Lighting,Dubai,384,125,48000
31486,Lighting,Riyadh,216,168,36288
31487,Cables,Riyadh,426,204,86904
31488,CCTV,Muscat,297,290,86130
31489,Cables,Muscat,224,210,47040
31490,Electrical,Muscat,195,182,35490
31491,CCTV,Riyadh,135,220,29700
31492,Electrical,Dubai,291,125,36375
31493,Lighting,Riyadh,264,234,61776
31494,Cables,Muscat,70,239,16730
31495,Cables,Muscat,377,236,88972
31496,Switches,Muscat,410,48,19680
31497,CCTV,Muscat,210,257,53970
31498,Lighting,Doha,78,83,6474
31499,Switches,Muscat,294,115,33810
31500,Switches,Riyadh,72,173,12456
31501,Cables,Doha,143,47,6721
31502,CCTV,Dubai,248,195,48360
31503,Cables,Riyadh,261,270,70470
31504,CCTV,Riyadh,370,213,78810
31505,Switches,Dubai,196,298,58408
31506,Electrical,Riyadh,492,58,28536
31507,Lighting,Doha,380,88,33440
31508,Switches,Dubai,30,296,8880
31509,Cables,Doha,438,139,60882
31510,Lighting,Muscat,438,105,45990
31511,Switches,Dubai,352,196,68992
31512,CCTV,Doha,300,113,33900
31513,Cables,Muscat,317,111,35187
31514,Switches,Doha,55,100,5500
31515,CCTV,Doha,203,247,50141
31516,CCTV,Riyadh,66,107,7062
31517,CCTV,Muscat,51,147,7497
31518,Lighting,Riyadh,466,209,97394
31519,Cables,Muscat,342,153,52326
31520,CCTV,Muscat,244,155,37820
31521,Switches,Riyadh,363,59,21417
31522,CCTV,Riyadh,25,157,3925
31523,Cables,Riyadh,142,275,39050
31524,Lighting,Muscat,10,104,1040
31525,CCTV,Muscat,241,46,11086
31526,Switches,Muscat,159,249,39591
31527,Cables,Muscat,313,151,47263
31528,CCTV,Muscat,131,110,14410
31529,Lighting,Muscat,291,248,72168
31530,Electrical,Doha,299,46,13754
31531,Switches,Riyadh,379,299,113321
31532,CCTV,Muscat,323,218,70414
31533,CCTV,Doha,222,173,38406
31534,Electrical,Dubai,400,62,24800
31535,Cables,Doha,290,129,37410
31536,Electrical,Riyadh,450,130,58500
31537,Cables,Dubai,149,20,2980
31538,CCTV,Muscat,168,159,26712
31539,Electrical,Riyadh,36,197,7092
31540,CCTV,Dubai,351,79,27729
31541,Electrical,Doha,171,202,34542
31542,CCTV,Dubai,127,240,30480
31543,CCTV,Riyadh,346,246,85116
31544,CCTV,Dubai,84,163,13692
31545,Lighting,Doha,102,243,24786
31546,Electrical,Dubai,43,71,3053
31547,Lighting,Doha,124,100,12400
31548,CCTV,Dubai,430,168,72240
31549,Switches,Doha,451,46,20746
31550,Cables,Doha,122,251,30622
31551,Electrical,Doha,377,130,49010
31552,Electrical,Muscat,69,98,6762
31553,Cables,Doha,291,298,86718
31554,Lighting,Riyadh,246,146,35916
31555,Cables,Doha,135,201,27135
31556,Switches,Muscat,438,138,60444
31557,CCTV,Muscat,54,285,15390
31558,Cables,Riyadh,297,197,58509
31559,Cables,Doha,238,220,52360
31560,CCTV,Muscat,206,89,18334
31561,Electrical,Muscat,221,177,39117
31562,Switches,Dubai,80,117,9360
31563,Cables,Dubai,244,224,54656
31564,Cables,Riyadh,288,105,30240
31565,Electrical,Dubai,458,299,136942
31566,Switches,Doha,176,104,18304
31567,CCTV,Dubai,204,234,47736
31568,CCTV,Muscat,182,152,27664
31569,Lighting,Riyadh,204,266,54264
31570,Switches,Dubai,72,160,11520
31571,Switches,Riyadh,79,95,7505
31572,Cables,Doha,232,117,27144
31573,Lighting,Doha,319,74,23606
31574,CCTV,Dubai,292,278,81176
31575,Switches,Dubai,358,41,14678
31576,Switches,Dubai,88,54,4752
31577,Electrical,Muscat,45,47,2115
31578,CCTV,Doha,398,189,75222
31579,Electrical,Muscat,204,159,32436
31580,Lighting,Dubai,444,148,65712
31581,Switches,Doha,226,119,26894
31582,Lighting,Muscat,297,266,79002
31583,Electrical,Muscat,158,42,6636
31584,CCTV,Riyadh,282,132,37224
31585,Switches,Muscat,210,216,45360
31586,CCTV,Dubai,163,183,29829
31587,Lighting,Dubai,31,75,2325
31588,Cables,Muscat,306,29,8874
31589,CCTV,Riyadh,324,152,49248
31590,CCTV,Riyadh,224,171,38304
31591,CCTV,Riyadh,340,210,71400
31592,Switches,Muscat,131,296,38776
31593,Lighting,Muscat,275,262,72050
31594,Lighting,Riyadh,352,295,103840
31595,Switches,Muscat,270,209,56430
31596,CCTV,Doha,64,134,8576
31597,CCTV,Dubai,291,253,73623
31598,Cables,Muscat,269,100,26900
31599,CCTV,Doha,372,212,78864
31600,Electrical,Muscat,292,277,80884
31601,CCTV,Doha,239,250,59750
31602,Cables,Riyadh,491,33,16203
31603,Electrical,Dubai,135,33,4455
31604,Cables,Muscat,451,63,28413
31605,Cables,Doha,268,229,61372
31606,Lighting,Doha,59,59,3481
31607,Switches,Riyadh,233,53,12349
31608,Cables,Dubai,390,254,99060
31609,CCTV,Dubai,291,253,73623
31610,Lighting,Dubai,155,293,45415
31611,Electrical,Doha,400,248,99200
31612,Switches,Muscat,382,147,56154
31613,Lighting,Muscat,54,228,12312
31614,Cables,Riyadh,406,99,40194
31615,Lighting,Dubai,271,195,52845
31616,CCTV,Muscat,428,252,107856
31617,CCTV,Doha,488,284,138592
31618,CCTV,Doha,243,137,33291
31619,Switches,Dubai,62,185,11470
31620,Lighting,Riyadh,494,161,79534
31621,Lighting,Riyadh,244,266,64904
31622,Cables,Dubai,205,196,40180
31623,Electrical,Doha,435,283,123105
31624,CCTV,Riyadh,13,187,2431
31625,Electrical,Doha,69,44,3036
31626,Electrical,Doha,182,210,38220
31627,CCTV,Muscat,81,34,2754
31628,CCTV,Riyadh,495,35,17325
31629,Cables,Doha,84,146,12264
31630,Switches,Muscat,331,286,94666
31631,CCTV,Doha,475,47,22325
31632,Electrical,Dubai,475,282,133950
31633,Cables,Riyadh,31,171,5301
31634,Lighting,Doha,405,87,35235
31635,Cables,Riyadh,218,56,12208
31636,CCTV,Muscat,60,54,3240
31637,CCTV,Riyadh,154,153,23562
31638,Switches,Doha,429,180,77220
31639,Cables,Riyadh,358,243,86994
31640,CCTV,Dubai,314,129,40506
31641,Electrical,Dubai,281,121,34001
31642,Electrical,Muscat,498,201,100098
31643,Cables,Doha,468,166,77688
31644,Switches,Riyadh,53,235,12455
31645,Cables,Muscat,116,158,18328
31646,Switches,Muscat,159,207,32913
31647,Electrical,Doha,103,107,11021
31648,CCTV,Riyadh,273,266,72618
31649,Lighting,Muscat,119,205,24395
31650,CCTV,Muscat,27,107,2889
31651,Electrical,Doha,247,171,42237
31652,Electrical,Doha,345,286,98670
31653,CCTV,Muscat,248,219,54312
31654,CCTV,Riyadh,383,265,101495
31655,Electrical,Muscat,221,235,51935
31656,CCTV,Dubai,240,93,22320
31657,Lighting,Doha,337,179,60323
31658,Lighting,Dubai,359,274,98366
31659,Cables,Riyadh,303,36,10908
31660,Lighting,Doha,422,157,66254
31661,Electrical,Riyadh,470,25,11750
31662,Electrical,Dubai,90,238,21420
31663,Cables,Riyadh,264,20,5280
31664,Switches,Doha,241,83,20003
31665,Cables,Dubai,372,228,84816
31666,Switches,Doha,218,20,4360
31667,Switches,Dubai,466,208,96928
31668,CCTV,Muscat,395,266,105070
31669,Lighting,Riyadh,452,276,124752
31670,Switches,Riyadh,307,193,59251
31671,CCTV,Doha,383,128,49024
31672,Cables,Muscat,481,79,37999
31673,Cables,Doha,30,62,1860
31674,Switches,Doha,247,57,14079
31675,CCTV,Dubai,395,277,109415
31676,Electrical,Muscat,270,101,27270
31677,Lighting,Dubai,282,240,67680
31678,Switches,Doha,289,130,37570
31679,Electrical,Dubai,401,284,113884
31680,Lighting,Dubai,423,155,65565
31681,Electrical,Riyadh,443,42,18606
31682,CCTV,Muscat,159,78,12402
31683,Switches,Riyadh,324,285,92340
31684,Electrical,Muscat,161,159,25599
31685,Electrical,Riyadh,291,135,39285
31686,Electrical,Doha,70,223,15610
31687,Switches,Riyadh,145,177,25665
31688,CCTV,Muscat,21,215,4515
31689,CCTV,Muscat,23,231,5313
31690,Electrical,Muscat,39,60,2340
31691,CCTV,Riyadh,448,26,11648
31692,Lighting,Dubai,364,124,45136
31693,CCTV,Riyadh,454,64,29056
31694,Electrical,Dubai,327,57,18639
31695,Lighting,Riyadh,296,183,54168
31696,Switches,Doha,229,100,22900
31697,Cables,Doha,247,77,19019
31698,CCTV,Riyadh,36,142,5112
31699,Lighting,Riyadh,493,214,105502
31700,Cables,Riyadh,266,212,56392
31701,Switches,Doha,306,123,37638
31702,Cables,Dubai,151,131,19781
31703,Switches,Muscat,259,151,39109
31704,Electrical,Dubai,83,115,9545
31705,Electrical,Riyadh,443,102,45186
31706,Switches,Doha,307,189,58023
31707,Cables,Muscat,208,68,14144
31708,CCTV,Dubai,305,154,46970
31709,Cables,Riyadh,23,284,6532
31710,Cables,Doha,109,218,23762
31711,CCTV,Doha,100,54,5400
31712,Cables,Muscat,404,223,90092
31713,Cables,Dubai,200,260,52000
31714,Lighting,Doha,371,62,23002
31715,Switches,Riyadh,314,283,88862
31716,Electrical,Riyadh,430,97,41710
31717,Switches,Muscat,115,55,6325
31718,Cables,Dubai,403,193,77779
31719,CCTV,Doha,447,154,68838
31720,CCTV,Muscat,16,159,2544
31721,Electrical,Dubai,90,74,6660
31722,Electrical,Dubai,262,271,71002
31723,Electrical,Doha,149,298,44402
31724,CCTV,Muscat,494,199,98306
31725,Cables,Muscat,366,32,11712
31726,Electrical,Muscat,320,223,71360
31727,Electrical,Muscat,429,82,35178
31728,CCTV,Dubai,16,93,1488
31729,Cables,Muscat,161,174,28014
31730,Electrical,Muscat,299,26,7774
31731,Cables,Doha,135,172,23220
31732,Lighting,Riyadh,458,63,28854
31733,Electrical,Dubai,294,55,16170
31734,Electrical,Doha,291,116,33756
31735,CCTV,Doha,83,184,15272
31736,Lighting,Doha,458,253,115874
31737,Lighting,Dubai,54,122,6588
31738,Lighting,Riyadh,26,26,676
31739,Switches,Dubai,242,113,27346
31740,CCTV,Muscat,173,140,24220
31741,CCTV,Riyadh,466,56,26096
31742,Electrical,Dubai,496,40,19840
31743,CCTV,Dubai,72,117,8424
31744,Electrical,Muscat,416,40,16640
31745,Electrical,Dubai,102,251,25602
31746,Switches,Riyadh,331,91,30121
31747,CCTV,Doha,475,71,33725
31748,CCTV,Dubai,101,241,24341
31749,Switches,Dubai,382,186,71052
31750,Switches,Riyadh,51,224,11424
31751,CCTV,Dubai,250,157,39250
31752,CCTV,Doha,336,55,18480
31753,Electrical,Muscat,264,114,30096
31754,Cables,Muscat,340,35,11900
31755,Electrical,Muscat,80,256,20480
31756,Lighting,Doha,308,183,56364
31757,Lighting,Muscat,225,109,24525
31758,Cables,Riyadh,320,127,40640
31759,Switches,Riyadh,65,103,6695
31760,Lighting,Doha,88,274,24112
31761,Switches,Doha,424,184,78016
31762,Switches,Doha,348,219,76212
31763,Electrical,Riyadh,449,176,79024
31764,Switches,Doha,130,50,6500
31765,Cables,Doha,211,85,17935
31766,Electrical,Muscat,441,108,47628
31767,Cables,Doha,445,278,123710
31768,Switches,Dubai,337,272,91664
31769,Lighting,Muscat,266,253,67298
31770,Switches,Riyadh,139,126,17514
31771,Cables,Riyadh,358,88,31504
31772,CCTV,Riyadh,51,297,15147
31773,CCTV,Muscat,83,220,18260
31774,Lighting,Riyadh,243,72,17496
31775,Cables,Muscat,18,260,4680
31776,Lighting,Muscat,379,194,73526
31777,Electrical,Dubai,40,61,2440
31778,Switches,Dubai,105,279,29295
31779,Electrical,Dubai,267,229,61143
31780,CCTV,Dubai,289,61,17629
31781,Switches,Dubai,238,189,44982
31782,Electrical,Riyadh,254,278,70612
31783,CCTV,Riyadh,436,223,97228
31784,Electrical,Riyadh,207,182,37674
31785,Switches,Dubai,465,124,57660
31786,Electrical,Doha,241,197,47477
31787,Switches,Riyadh,482,210,101220
31788,Electrical,Riyadh,499,143,71357
31789,Lighting,Doha,308,217,66836
31790,Electrical,Dubai,60,118,7080
31791,Electrical,Muscat,226,25,5650
31792,Lighting,Doha,183,286,52338
31793,CCTV,Doha,84,62,5208
31794,Switches,Riyadh,108,160,17280
31795,Cables,Riyadh,10,288,2880
31796,CCTV,Dubai,133,58,7714
31797,Switches,Muscat,126,181,22806
31798,Electrical,Muscat,352,214,75328
31799,CCTV,Doha,204,123,25092
31800,Electrical,Dubai,242,264,63888
31801,CCTV,Muscat,138,84,11592
31802,CCTV,Doha,383,220,84260
31803,Cables,Riyadh,72,261,18792
31804,Lighting,Muscat,245,26,6370
31805,CCTV,Doha,341,238,81158
31806,Electrical,Muscat,239,22,5258
31807,Cables,Dubai,199,41,8159
31808,CCTV,Doha,198,113,22374
31809,Lighting,Dubai,177,90,15930
31810,Electrical,Doha,104,241,25064
31811,Cables,Riyadh,166,32,5312
31812,Switches,Muscat,300,24,7200
31813,Lighting,Riyadh,357,41,14637
31814,Switches,Dubai,350,56,19600
31815,Switches,Muscat,404,50,20200
31816,Cables,Riyadh,483,81,39123
31817,Cables,Doha,148,240,35520
31818,Cables,Doha,200,100,20000
31819,Switches,Riyadh,462,252,116424
31820,Electrical,Muscat,65,25,1625
31821,Cables,Dubai,16,124,1984
31822,Lighting,Doha,60,181,10860
31823,Cables,Dubai,488,71,34648
31824,Cables,Muscat,48,177,8496
31825,Cables,Muscat,307,32,9824
31826,Switches,Doha,81,205,16605
31827,Electrical,Dubai,265,241,63865
31828,Cables,Muscat,318,260,82680
31829,Switches,Dubai,100,167,16700
31830,Lighting,Doha,158,74,11692
31831,Electrical,Doha,39,78,3042
31832,Switches,Muscat,471,217,102207
31833,CCTV,Muscat,132,117,15444
31834,Lighting,Dubai,394,175,68950
31835,Lighting,Muscat,246,269,66174
31836,CCTV,Doha,289,199,57511
31837,Switches,Muscat,134,93,12462
31838,Switches,Riyadh,143,80,11440
31839,Lighting,Doha,15,64,960
31840,Switches,Dubai,392,154,60368
31841,CCTV,Muscat,382,229,87478
31842,Switches,Muscat,206,105,21630
31843,Lighting,Doha,199,289,57511
31844,Switches,Doha,300,283,84900
31845,Electrical,Dubai,393,287,112791
31846,CCTV,Doha,245,244,59780
31847,CCTV,Dubai,88,235,20680
31848,Cables,Muscat,44,250,11000
31849,Switches,Dubai,313,209,65417
31850,CCTV,Dubai,379,161,61019
31851,Switches,Dubai,370,196,72520
31852,Electrical,Muscat,81,70,5670
31853,Lighting,Riyadh,52,209,10868
31854,Lighting,Riyadh,300,24,7200
31855,Cables,Dubai,142,230,32660
31856,Cables,Doha,296,214,63344
31857,CCTV,Riyadh,115,20,2300
31858,CCTV,Muscat,168,123,20664
31859,CCTV,Dubai,366,120,43920
31860,Electrical,Riyadh,17,147,2499
31861,Cables,Muscat,271,268,72628
31862,Cables,Dubai,352,288,101376
31863,Lighting,Riyadh,446,57,25422
31864,Cables,Dubai,89,269,23941
31865,Cables,Riyadh,53,240,12720
31866,Electrical,Riyadh,186,82,15252
31867,CCTV,Doha,401,272,109072
31868,Electrical,Riyadh,73,284,20732
31869,Switches,Doha,397,183,72651
31870,Lighting,Muscat,297,42,12474
31871,Lighting,Riyadh,318,98,31164
31872,Lighting,Dubai,122,137,16714
31873,CCTV,Doha,460,204,93840
31874,CCTV,Riyadh,328,78,25584
31875,CCTV,Doha,379,271,102709
31876,Lighting,Dubai,217,108,23436
31877,Lighting,Dubai,453,248,112344
31878,Lighting,Dubai,235,257,60395
31879,Switches,Muscat,342,63,21546
31880,Switches,Muscat,426,99,42174
31881,Lighting,Dubai,287,193,55391
31882,CCTV,Muscat,392,160,62720
31883,CCTV,Muscat,296,56,16576
31884,Switches,Muscat,289,33,9537
31885,Switches,Muscat,12,141,1692
31886,Lighting,Muscat,42,257,10794
31887,Lighting,Muscat,487,74,36038
31888,CCTV,Dubai,419,41,17179
31889,Cables,Muscat,491,222,109002
31890,CCTV,Muscat,316,34,10744
31891,CCTV,Doha,223,49,10927
31892,Lighting,Doha,39,48,1872
31893,Cables,Muscat,428,271,115988
31894,Cables,Riyadh,34,179,6086
31895,Lighting,Riyadh,37,136,5032
31896,Electrical,Muscat,106,177,18762
31897,Lighting,Dubai,96,127,12192
31898,Switches,Dubai,35,134,4690
31899,Cables,Doha,129,291,37539
31900,Lighting,Dubai,210,195,40950
31901,CCTV,Dubai,401,250,100250
31902,CCTV,Dubai,366,269,98454
31903,CCTV,Muscat,362,75,27150
31904,Lighting,Muscat,24,292,7008
31905,Electrical,Riyadh,314,209,65626
31906,Switches,Doha,263,40,10520
31907,CCTV,Riyadh,120,184,22080
31908,Lighting,Dubai,17,87,1479
31909,Electrical,Dubai,448,286,128128
31910,Cables,Riyadh,350,237,82950
31911,Cables,Riyadh,137,115,15755
31912,Switches,Muscat,195,207,40365
31913,Lighting,Muscat,396,227,89892
31914,Lighting,Doha,402,93,37386
31915,CCTV,Muscat,23,181,4163
31916,Electrical,Dubai,239,180,43020
31917,Switches,Dubai,100,79,7900
31918,Electrical,Riyadh,413,45,18585
31919,Switches,Doha,13,44,572
31920,Lighting,Muscat,161,277,44597
31921,Lighting,Doha,228,22,5016
31922,Switches,Dubai,85,276,23460
31923,Electrical,Dubai,293,299,87607
31924,Cables,Muscat,364,267,97188
31925,Cables,Muscat,225,63,14175
31926,CCTV,Muscat,168,52,8736
31927,CCTV,Riyadh,260,131,34060
31928,Electrical,Dubai,76,292,22192
31929,Lighting,Riyadh,231,62,14322
31930,Electrical,Dubai,201,63,12663
31931,Switches,Muscat,228,106,24168
31932,Cables,Dubai,382,249,95118
31933,CCTV,Dubai,26,102,2652
31934,Electrical,Doha,399,223,88977
31935,Electrical,Dubai,116,149,17284
31936,Switches,Dubai,475,157,74575
31937,Lighting,Doha,453,102,46206
31938,Lighting,Muscat,236,194,45784
31939,Cables,Doha,484,155,75020
31940,CCTV,Muscat,90,126,11340
31941,Lighting,Muscat,276,170,46920
31942,Lighting,Muscat,175,128,22400
31943,Lighting,Dubai,366,241,88206
31944,Electrical,Doha,243,266,64638
31945,Lighting,Doha,171,56,9576
31946,Switches,Doha,184,287,52808
31947,Cables,Doha,169,93,15717
31948,Lighting,Riyadh,372,134,49848
31949,CCTV,Dubai,385,100,38500
31950,Electrical,Riyadh,194,212,41128
31951,Switches,Dubai,183,233,42639
31952,Cables,Doha,247,34,8398
31953,Electrical,Riyadh,172,103,17716
31954,Switches,Muscat,485,285,138225
31955,Electrical,Doha,415,173,71795
31956,Cables,Doha,409,272,111248
31957,Cables,Muscat,247,292,72124
31958,Lighting,Doha,115,151,17365
31959,CCTV,Dubai,127,218,27686
31960,Lighting,Doha,241,102,24582
31961,Electrical,Dubai,85,145,12325
31962,Lighting,Dubai,14,233,3262
31963,Cables,Doha,227,234,53118
31964,Cables,Muscat,291,257,74787
31965,Cables,Dubai,342,107,36594
31966,Lighting,Riyadh,417,132,55044
31967,Switches,Dubai,245,124,30380
31968,Lighting,Muscat,332,82,27224
31969,Lighting,Doha,41,258,10578
31970,Lighting,Muscat,416,45,18720
31971,Lighting,Muscat,186,147,27342
31972,Cables,Doha,494,20,9880
31973,CCTV,Riyadh,128,113,14464
31974,Lighting,Riyadh,199,31,6169
31975,Lighting,Dubai,111,185,20535
31976,CCTV,Dubai,374,291,108834
31977,Lighting,Riyadh,495,86,42570
31978,CCTV,Doha,470,186,87420
31979,Cables,Muscat,88,273,24024
31980,Switches,Doha,331,272,90032
31981,Lighting,Muscat,148,265,39220
31982,Switches,Muscat,345,78,26910
31983,Lighting,Riyadh,411,163,66993
31984,Electrical,Riyadh,235,228,53580
31985,Electrical,Doha,275,245,67375
31986,Cables,Muscat,342,110,37620
31987,Switches,Doha,233,130,30290
31988,Switches,Dubai,69,259,17871
31989,CCTV,Riyadh,273,99,27027
31990,CCTV,Riyadh,464,223,103472
31991,Lighting,Muscat,57,257,14649
31992,CCTV,Riyadh,90,203,18270
31993,CCTV,Doha,306,231,70686
31994,Switches,Muscat,484,270,130680
31995,Electrical,Muscat,388,246,95448
31996,Switches,Dubai,17,186,3162
31997,CCTV,Doha,358,50,17900
31998,Lighting,Muscat,258,170,43860
31999,Electrical,Riyadh,253,181,45793
32000,CCTV,Riyadh,174,115,20010
